<?xml version="1.0" encoding="UTF-8"?>
<component xmlns="http://www.opensource-socialnetwork.org/v/3.0">
	<name>Intro</name>
	<id>intro</id>
	<description>Adds an Intro tab and widget on member profiles</description>
	<author>Allon Prooit (AT3META@3NCIRCLE.COM)</author>
	<author_url>https://3ncircle.com/</author_url>
	<license>GNU General Public License v3</license>
	<license_url>https://www.gnu.de/documents/gpl-3.0.en.html</license_url>
	<version>1.0</version>
	<requires>
		<type>ossn_version</type>
		<version>7.0</version>
	</requires>
	<requires>
		<type>ossn_component</type>
		<name>OssnProfile</name>
		<version>5.3</version>
	</requires>	
	<requires>
		<type>ossn_component</type>
		<name>TextareaSupport</name>
		<version>2.11</version>
	</requires>	
</component>
